Nome Original (Arquivo),Razão Social (Receita),CNPJ,Cidade,Estado
LHT ENERGIA LTDA,LHT ENERGIA LTDA,38354009000173,MACEIO,AL
CATARINNA S ENERGIA SOLAR LTDA,CATARINNA S ENERGIA SOLAR LTDA,23043176000126,JOINVILLE,SC
ELETROCLIMA COMERCIO E SERVICOS LTDA,ELETROCLIMA COMERCIO E SERVICOS LTDA,17345344000135,SAO LUIS,MA
AZZON ENERGIA SOLAR LTDA,AZZON ENERGIA SOLAR LTDA,33271423000103,ARARAS,SP
SANSOL ENERGIA FOTOVOLTAICA E TECNOLOGIA LTDA.,SANSOL ENERGIA FOTOVOLTAICA E TECNOLOGIA LTDA,23108927000145,BELEM,PA
ELLO REPRESENTACOES E NEGOCIOS LTDA,ELLO REPRESENTACOES E NEGOCIOS LTDA,21482122000131,ITAJAI,SC
Irium Solar,A IRIUM SOLAR LTDA,03586762000100,GURUPI,TO
SOLARES - ENERGIA FOTOVOLTAICA LTDA,SOLARES - ENERGIA FOTOVOLTAICA LTDA,24300851000118,PRESIDENTE PRUDENTE,SP
T8M ENERGIA DO BRASIL LTDA,T8M ENERGIA DO BRASIL LTDA,22408003000100,IPATINGA,MG
ALVA ENGENHARIA LTDA,ALVA ENGENHARIA LTDA,22102866000146,PRAIA GRANDE,SP
MATRIZ SOLAR ENGENHARIA LTDA,MATRIZ SOLAR ENGENHARIA LTDA,36914201000141,SAO MATEUS,ES
ATHOM ENGENHARIA ELETRICA LTDA,ATHOM ENGENHARIA ELETRICA LTDA,30879565000151,SAO JOSE DO EGITO,PE
SOLLARIS ENGENHARIA COMERCIOS E SERVICOS ELETRICOS LTDA,SOLLARIS ENERGIA COMERCIOS E SERVICOS ELETRICOS LTDA,51083793000190,BELEM,PA
CENTRAL SOLAR INDUSTRIA E COMERCIO DE GERADORES FOTOVOLTAICOS LTDA,CENTRAL SOLAR INDUSTRIA E COMERCIO DE GERADORES FOTOVOLTAICOS LTDA,32105860000186,IMBUIA,SC
MRT DISTRIBUICAO SOLAR LTDA,MRT DISTRIBUICAO SOLAR LTDA,63560741000147,OURINHOS,SP
D SOLARE ENERGIA E INOVACAO LTDA,D SOLARE ENERGIA E INOVACAO LTDA,25003808000153,MACEIO,AL
R D S MOTA LTDA,R D S MOTA LTDA,24950144000177,RONDONOPOLIS,MT
SOLAR INVESTIMENTOS LTDA,SOLAR INVESTIMENTOS LTDA,44694907000173,RIO VERDE,GO
JISLAINE FARIAS DOS ANJOS BONINI,JISLAINE FARIAS DOS ANJOS BONINI,14314499000116,COTRIGUACU,MT
MHZ ENERGIA SOLAR LTDA,MHZ ENERGIA SOLAR LTDA,28664003000149,GOIANIA,GO
L. H. SOUZA BORGES LTDA,L. H. SOUZA BORGES LTDA,20742199000130,RONDONOPOLIS,MT
SUN GATE SOLUCOES EM ENERGIA LTDA,SUN GATE SOLUCOES EM ENERGIA LTDA,24097009000120,PAROBE,RS
VERTTEC ENGENHARIA E ENERGIAS RENOVAVEIS LTDA,VERTTEC ENGENHARIA E ENERGIAS RENOVAVEIS LTDA,45870066000170,MACEIO,AL
SELTEC SOLUCOES ELETRICAS E TECNOLOGICAS LTDA,SELTEC SOLUCOES ELETRICAS E TECNOLOGICAS LTDA,08825897000102,TEOFILO OTONI,MG
GD ENERGIA LTDA,GD ENERGIA LTDA,48613153000130,CIDADE OCIDENTAL,GO
TECCEL ENERGIA SOLAR COMERCIO E SERVICOS LTDA,TECCEL ENERGIA SOLAR COMERCIO E SERVICOS LTDA,14237493000192,CAJAZEIRAS,PB
ATIVE ENERGY E VO ITA COMERCIO DE EQUIPAMENTOS DE ENERGIA SOLAR LTDA,ATIVE ENERGY E VO ITA COMERCIO DE EQUIPAMENTOS DE ENERGIA SOLAR LTDA,28829715000170,APARECIDA,PB
VESOL ENERGIA SOLAR LTDA,VESOL ENERGIA SOLAR LTDA,51449498000105,JARAGUA DO SUL,SC
MGF ENGENHARIA E ENERGIA SOLAR LTDA,MGF ENGENHARIA E ENERGIA SOLAR LTDA,26617916000189,CANOAS,RS
PRIME SOL SOLUCAO EM ENERGIA LTDA,PRIME SOL SOLUCAO EM ENERGIA LTDA,39448045000169,CAMPOS DOS GOYTACAZES,RJ
POTENCIAL SERVICO E COMERCIO DE MATERIAIS ELETRICOS LTDA,POTENCIAL SERVICO E COMERCIO DE MATERIAIS ELETRICOS LTDA,31595602000162,MANAUS,AM
ENELT MATERIAIS LTDA,ENELT MATERIAIS LTDA,37231518000146,TAIO,SC
WM ENERGIA SOLAR LTDA,WM ENERGIA SOLAR LTDA,45827478000128,MARINGA,PR
AMPERE SOLUCOES LTDA,AMPERE SOLUCOES LTDA,41955830000150,NATAL,RN
ADVANCE SERVICOS DE ENGENHARIA LTDA,ADVANCE SERVICOS DE ENGENHARIA LTDA,37901120000170,CASTANHAL,PA
GDTEC ENERGIA RENOVAVEL LTDA,GDTEC ENERGIA RENOVAVEL LTDA,44104332000191,SERRA,ES
VIEIRA E AVELAR ENGENHARIA LTDA,VIEIRA E AVELAR ENGENHARIA LTDA,35562221000138,PASSOS,MG
BONUS SOLAR COMERCIO AP LTDA,BONUS SOLAR COMERCIO AP LTDA,65816508000108,MACAPA,AP
VOLTAIC ENERGY LTDA,VOLTAIC ENERGY LTDA,33079622000106,XANXERE,SC
PLACA SOL PHOTOVOLTAIC LTDA,PLACA SOL PHOTOVOLTAIC LTDA,42438816000141,PRESIDENTE PRUDENTE,SP
HB ENERGIA SOLAR LTDA,HB ENERGIA SOLAR LTDA,25152571000172,LONDRINA,PR
BISPO EMPREENDIMENTOS LTDA,BISPO EMPREENDIMENTOS LTDA,45080695000105,FEIRA DE SANTANA,BA
EFITEC SOLAR SOLUCOES EM ELETRICA LTDA,EFITEC SOLAR SOLUCOES EM ELETRICA LTDA,32174397000124,SAO GONCALO,RJ
NEXEN ENERGIAS RENOVAVEIS LTDA,NEXEN ENERGIAS RENOVAVEIS LTDA,31841964000196,CHAPECO,SC
AG POWER COMERCIO E INSTALACAO DE PAINEIS FOTOVOLTAICOS LTDA,AG POWER COMERCIO E INSTALACAO DE PAINEIS FOTOVOLTAICOS LTDA,31390182000188,CAMPINAS,SP
SANISU COMERCIO E SERVICO DE ENGENHARIA LTDA,SANISU COMERCIO E SERVICO DE ENGENHARIA LTDA,39295967000183,ANANINDEUA,PA
SOLARM PROJETOS E INSTALACOES DE SISTEMAS FOTOVOLTAICOS SOCIEDADE UNIPESSOAL LIMITADA,SOLARM PROJETOS E INSTALACOES DE SISTEMAS FOTOVOLTAICOS SOCIEDADE UNIPESSOAL LIMITADA,24476088000180,BELO HORIZONTE,MG
GCM ENERGIA SOLAR SOLUCOES EM ENGENHARIA LTDA,GCM ENERGIA SOLAR SOLUCOES EM ENGENHARIA LTDA,37997790000131,TEOFILO OTONI,MG
LION ENGENHARIA,JORGE EDUARDO DE SOUZA LEAO JUNIOR LIMITADA,17038598000100,PARNAMIRIM,RN
CSM ENERGIA SOLAR LTDA,CSM ENERGIA SOLAR LTDA,27403019000135,DOIS VIZINHOS,PR
CONSTRUTORA MESQUITA DANTAS LTDA,CMD ENGENHARIA LTDA,42269243000170,APARECIDA DE GOIANIA,GO
"E-SOL: PROJETOS, CONSTRUCOES E INSTALACOES ELETRICAS LTDA","E-SOL: PROJETOS, CONSTRUCOES E INSTALACOES ELETRICAS LTDA",39577453000110,ITABORAI,RJ
AGIL SOLAR FRANCHISING LTDA,AGIL SOLAR FRANCHISING LTDA,43544229000108,ARACATUBA,SP
SOLAR PROJETOS E INSTALACAO DE SISTEMAS FOTOVOLTAICOS LTDA,SOLAR PROJETOS E INSTALACAO DE SISTEMAS FOTOVOLTAICOS LTDA,37426463000120,RECIFE,PE
FELIPE FS SOLAR LTDA,FELIPE FS SOLAR LTDA,36726045000195,GUARATUBA,PR
SENIBALDO GONCALVES DE OLIVEIRA NETO LTDA,SENIBALDO GONCALVES DE OLIVEIRA NETO LTDA,18995112000195,CAMAQUA,RS
BORIES ENERGIA E COMUNICACAO LTDA,BORIES ENERGIA E COMUNICACAO LTDA,19360987000183,PETROLINA,PE
SOLAR ROOF LTDA,SOLAR ROOF LTDA,33691632000106,BELEM,PA
TECHSOL ENERGIA SOLAR LTDA,TECHSOL ENERGIA SOLAR LTDA,30777081000100,CAMPO GRANDE,MS
NUTRI SOLAR FOTOVOLTAICA LTDA,NUTRI SOLAR FOTOVOLTAICA LTDA,38170625000174,PRESIDENTE PRUDENTE,SP
CRIATIVE SOLAR LTDA,CRIATIVE SOLAR LTDA,40607453000103,SANTANA DO IPANEMA,AL
SUNDAY ENERGIA SOLAR LTDA,SUNDAY ENERGIA SOLAR LTDA,38249312000106,PIEN,PR
SOLAR VITTA - ENERGIA SUSTENTAVEL LTDA,SOLAR VITTA - ENERGIA SUSTENTAVEL LTDA,55758504000167,BLUMENAU,SC
MOHS ENERGIA LTDA,MOHS ENERGIA LTDA,41602693000170,PALMAS,TO
GAUSS ENGENHARIA LTDA,GAUSS ENGENHARIA LTDA,25043896000117,SALVADOR,BA
INNOVATIS ENGENHARIA E SUSTENTABILIDADE LTDA,INNOVATIS ENGENHARIA E SUSTENTABILIDADE LTDA,11827464000192,JATAI,GO
MUNDIAL SOLAR SERVICOS E TECNOLOGIA LTDA,MUNDIAL SOLAR SERVICOS E TECNOLOGIA LTDA,39554516000113,GURUPI,TO
R CHAVES QUEIROZ LTDA,NORTINS ENERGY SOLUCOES RENOVAVEIS LTDA,57362335000177,ARAGUAINA,TO
SOLARIS ENERGIA SOLAR LTDA,SOLARIS ENERGIA SOLAR LTDA,07624202000153,RIBEIRA DO POMBAL,BA
NEWSOLAR ENERGIA FOTOVOLTAICA E ENGENHARIA LTDA,NEWSOLAR ENERGIA FOTOVOLTAICA E ENGENHARIA LTDA,43688187000170,VOTUPORANGA,SP
SAM INSTALACOES ELETRICAS LTDA,SAM INSTALACOES ELETRICAS LTDA,31954260000120,SENHOR DO BONFIM,BA
"VIRTUAL SERVICE ASSESSORIA, CONSULTORIA, COMERCIO DE COMPONENTES FERNANDES LTDA","VIRTUAL SERVICE ASSESSORIA, CONSULTORIA, COMERCIO DE COMPONENTES FERNANDES LTDA",07420940000189,NOVA CANAA DO NORTE,MT
REAL SOLAR COMERCIO E SERVICOS LTDA,REAL SOLAR COMERCIO E SERVICOS LTDA,30805737000142,CABO FRIO,RJ
RIGGO SOLAR LTDA,RIGGO SOLAR LTDA,34758958000168,LONDRINA,PR
NOROESTE ENERGIA SOLAR E SOLUCOES ELETRICAS LTDA,NOROESTE ENERGIA SOLAR E SOLUCOES ELETRICAS LTDA,34875459000150,COLATINA,ES
SOLARCHIO INDUSTRIAL LTDA,SOLARCHIO INDUSTRIAL LTDA,23785988000147,VITORIA DA CONQUISTA,BA
CELLA E BAGGIO ENERGIAS RENOVAVEIS LTDA,CELLA E BAGGIO ENERGIAS RENOVAVEIS LTDA,39403425000187,SORRISO,MT
CALIFORNIA SOLAR INDUSTRIA E COMERCIO LTDA,CALIFORNIA SOLAR INDUSTRIA E COMERCIO LTDA,35254613000130,BLUMENAU,SC
BANDEIRA & NOGUEIRA COMERCIO E SERVICOS DE ENERGIA RENOVAVEL LTDA,BANDEIRA & NOGUEIRA COMERCIO E SERVICOS DE ENERGIA RENOVAVEL LTDA,24895249000170,RUSSAS,CE
CAPACITECH SERVICE DRIVES RIBEIRAO PRETO LTDA,CAPACITECH SERVICE DRIVES RIBEIRAO PRETO LTDA,15353977000160,RIBEIRAO PRETO,SP
VIVAH INSTALACAO E MANUTENCAO ELETRICA LTDA,VIVAH INSTALACAO E MANUTENCAO ELETRICA LTDA,43327529000127,CAMPINA GRANDE,PB
PS ENERGY LTDA - Projeto Solar,PS ENERGY LTDA,47844149000110,RIO DO SUL,SC
Wcs Energia Solar LTDA,WCS ENERGIA SOLAR LTDA,24880738000159,TEOFILO OTONI,MG